{
  "name": "special_loss90_run_weights",
  "created_at": "2026-03-07T23:19:17.917223",
  "notes": "Pinned weights restored from previous overnight run where train loss reached ~-90.",
  "source": {
    "restored_snapshot": "data/snapshots/20260307_230557_pre_pipeline.json",
    "fund_train_loss": -89.96090695856138,
    "fund_best_loss": -72.75,
    "sharp_train_loss": -88.91321344800626,
    "sharp_best_loss": -73.5625
  },
  "weights": {
    "def_factor_dampening": 8.947120031147175,
    "turnover_margin_mult": 8.131403562955583,
    "rebound_diff_mult": 0.007895844059574473,
    "rating_matchup_mult": 2.0011468494113567,
    "four_factors_scale": 72.3130153969305,
    "ff_efg_weight": 6.357865217759608,
    "ff_tov_weight": 9.82233125523776,
    "ff_oreb_weight": 0.8408050874007291,
    "ff_fta_weight": 3.222888465311775,
    "opp_ff_efg_weight": 13.672381619746705,
    "opp_ff_tov_weight": 1.7074281241868157,
    "opp_ff_oreb_weight": 5.056292077511356,
    "opp_ff_fta_weight": 2.4585961919045367,
    "clutch_scale": 0.32423953608254513,
    "clutch_cap": 3.5,
    "clutch_threshold": 6.0,
    "hustle_effort_mult": 1.883842307926806,
    "hustle_contested_wt": 1.4904740525068942,
    "steals_threshold": 14.0,
    "steals_penalty": 1.039555822383856,
    "blocks_threshold": 10.0,
    "blocks_penalty": 2.8850712252475743,
    "hustle_defl_baseline": 30.0,
    "hustle_defl_penalty": 0.1,
    "fatigue_total_mult": 0.025449825925668114,
    "fatigue_b2b": 7.613648991467212,
    "fatigue_3in4": 8.979531484395592,
    "fatigue_4in6": 0.6396772189800268,
    "fatigue_same_day": 2.0078334790711985,
    "fatigue_rest_bonus": 2.1798384144394243,
    "rest_advantage_mult": 2.9200286974383722,
    "altitude_b2b_penalty": 2.9127796573935,
    "sharp_ml_weight": 14.056962727041622,
    "elo_diff_mult": 2.1065182532662066,
    "travel_dist_mult": 0.7147597025408092,
    "timezone_crossing_mult": 4.053290871512267,
    "momentum_streak_mult": 0.4470732722586034,
    "mov_trend_mult": 0.15151389478194743,
    "injury_vorp_mult": 2.0318074195080724,
    "ref_fouls_mult": 2.295782954901722,
    "ref_home_bias_mult": 2.1632135035127296,
    "sharp_spread_weight": 11.886943057826478,
    "lookahead_penalty": 1.2660913603188164,
    "letdown_penalty": 1.2255242437126799,
    "srs_diff_mult": 0.32800485304020255,
    "pythag_diff_mult": 7.513295516129637,
    "onoff_impact_mult": 2.4205775319850495,
    "road_trip_game_mult": 0.11554884801487583,
    "cum_travel_7d_mult": 0.38264257731296725,
    "pace_mismatch_mult": 1.8119740945573324,
    "fg3_luck_mult": 13.277439651802773,
    "process_edge_mult": 1.3490719075988062,
    "total_min": 140.0,
    "total_max": 280.0
  }
}